,count,mean,std,min,25%,50%,75%,max
Year,112.0,2006.0,8.12958117556434,1992.0,1999.0,2006.0,2013.0,2020.0
deathrate,114.0,189.44736842105263,45.81901527919495,0.0,185.25,196.0,211.0,253.0
percent change in gdp,114.0,4.451754385964913,5.412853147442395,-32.8,3.3499999999999996,4.7,6.049999999999999,38.3
percent change in commercial and industrial loans,114.0,5.046491228070176,12.550860632793919,-27.5,-1.05,7.6,10.875,88.2
nonfarm labor share,114.0,104.88883333333334,4.21452652820363,98.149,100.49574999999999,105.17150000000001,108.19925,113.863
deliquency rate of comm and ind loans,114.0,2.0585964912280703,1.027708919563517,0.73,1.26,1.81,2.535,5.25
civ unemply rate,114.0,5.946797754105263,1.816226199124043,3.601596396,4.6459278755,5.5269726325,6.874120429,13.33118246
M1V,114.0,7.6195438596491245,1.8758656014481623,1.22,6.26625,7.881500000000001,9.08,10.678
